Consultas principales,Clics,Impresiones,CTR,Posición
deck repair near me,1,117,0.85%,11.59
patio repair near me,1,24,4.17%,14.21
deck repair,0,133,0%,14.38
basement wall repair plymouth meeting pa,0,81,0%,14.64
drywall repair plymouth,0,66,0%,31.92
bowing basement wall repair plymouth meeting pa,0,63,0%,13.17
basement wall stabilization plymouth meeting pa,0,58,0%,21.78
drywall repair plymouth meeting pa,0,50,0%,7.62
carpenter plymouth meeting pa,0,50,0%,25.56
leak repair plymouth meeting,0,42,0%,70.88
new plymouth basement finishing,0,38,0%,41.34
basement leak repair plymouth meeting pa,0,37,0%,24.35
home repair plymouth meeting pa,0,32,0%,21.94
drywall repair conshohocken pa,0,29,0%,6
drywall repair lafayette hill pa,0,28,0%,1
deck repair company,0,28,0%,13.5
lampert,0,25,0%,4.2
handyman plymouth meeting pa,0,25,0%,13.12
new plymouth basement remodeling,0,20,0%,36.8
concrete porch repair near me,0,19,0%,17.74
drywall repair norristown pa,0,18,0%,1
plymouth meeting handyman,0,16,0%,21.25
drywall repair,0,14,0%,1
new plymouth basement remodeler,0,13,0%,44.54
basement finishing plymouth,0,13,0%,48.46
slab leak repair plymouth meeting,0,13,0%,70.62
patio installation conshohocken,0,12,0%,23.08
basement walkout door plymouth meeting pa,0,12,0%,26.83
fix wet basement plymouth meeting pa,0,12,0%,34.08
lamberts,0,11,0%,2.27
basement remodeling plymouth meeting,0,11,0%,3.55
basement waterproofing estimate plymouth meeting pa,0,10,0%,55.2
basement remodeler new plymouth,0,8,0%,39.12
basement health solutions plymouth meeting pa,0,8,0%,41.62
waterproofing contractor plymouth meeting pa,0,8,0%,70.12
home remodeling plymouth meeting,0,8,0%,73.62
foundation crack repair plymouth meeting pa,0,8,0%,86.62
porch contractors conshohocken,0,7,0%,18
trip hazard repair near me,0,6,0%,24.17
plymouth basement remodeling,0,6,0%,27
repair plymouth meeting pa,0,6,0%,43.5
stone foundation repair plymouth meeting pa,0,6,0%,77.17
foundation settling repair plymouth meeting pa,0,6,0%,91.83
porch repair,0,5,0%,7.4
grading work plymouth meeting,0,5,0%,52.4
basement waterproofing inspection plymouth meeting pa,0,5,0%,70.4
lambert company,0,4,0%,2
deck repair handyman,0,4,0%,4.5
deck repair near me within 20 mi,0,4,0%,8
exterior repair near me,0,4,0%,26
basement remodeling edgmont,0,4,0%,90.75
outdoor step repair near me,0,3,0%,4.33
sheetrock,0,3,0%,4.33
handyman deck repair near me,0,3,0%,6
lambert construction,0,3,0%,6.33
honey do list handyman,0,3,0%,7.33
deck and patio repair,0,3,0%,10.67
decks repair contractors near me,0,3,0%,19.33
structural foundation repair plymouth meeting pa,0,3,0%,58.33
foundation repair company plymouth meeting pa,0,3,0%,73.33
foundation repair plymouth meeting pa,0,3,0%,77
basement window well installation plymouth meeting pa,0,3,0%,79.67
basement waterproofing contractors plymouth meeting pa,0,3,0%,82.33
basement egress plymouth meeting pa,0,3,0%,84.67
wet basement repair plymouth meeting pa,0,3,0%,84.67
basement drainage system plymouth meeting pa,0,3,0%,90.33
lambers,0,2,0%,1
trabajo de construcción cerca de mi ubicación,0,2,0%,1
basement remodeling near me,0,2,0%,3
basement renovations near me,0,2,0%,3
patio rebuild,0,2,0%,4
lambert,0,2,0%,5
porch repair near me,0,2,0%,6.5
patio repair,0,2,0%,7.5
basement company near me,0,2,0%,10
deck installation plymouth meeting,0,2,0%,10
outdoor deck repair near me,0,2,0%,11
home deck repair,0,2,0%,13
emergency deck repair,0,2,0%,17.5
basement finishing contractor fargo,0,2,0%,28
structural+repair+conshohocken+pa,0,2,0%,35.5
basement remodeling services near me,0,2,0%,37.5
drywall patching manayunk,0,2,0%,42
drywall patching ivyland,0,2,0%,43.5
handyman plymouth prices,0,2,0%,46
foundation repair near plymouth meeting pa,0,2,0%,60
drywall patching powelton village,0,2,0%,61.5
basement leaking water plymouth meeting pa,0,2,0%,73
basement waterproofing company plymouth meeting pa,0,2,0%,80.5
kitchen remodeling in plymouth meeting,0,2,0%,89.5
lambert's,0,1,0%,1
lamberts near me,0,1,0%,1
lamperts,0,1,0%,1
small patch,0,1,0%,1
lamberink,0,1,0%,2
lamberts locations,0,1,0%,2
outdoor repair,0,1,0%,2
patio repointing near me,0,1,0%,3
al drywall,0,1,0%,4
basement contractors near me,0,1,0%,4
what do i need to do,0,1,0%,4
deck and porch repair near me,0,1,0%,5
deck repair handyman near me,0,1,0%,5
lamberth,0,1,0%,5
local deck repair near me,0,1,0%,5
outdoor patio repair near me,0,1,0%,5
patio regrouting near me,0,1,0%,5
wall restoration,0,1,0%,5
drywall repair near me,0,1,0%,6
deck fixers near me,0,1,0%,7
p lambert era,0,1,0%,7
deck repair contractors near me,0,1,0%,8
deck repairs,0,1,0%,8
sheet rock wall,0,1,0%,9
drywallers near me,0,1,0%,10
j l lambert,0,1,0%,10
sheetrock contractors near me,0,1,0%,10
trabajo de construcción cerca de mi,0,1,0%,10
wooden deck repair near me,0,1,0%,10
decking repair near me,0,1,0%,11
what about drywall,0,1,0%,11
need deck repair,0,1,0%,12
patio resurfacing companies near me,0,1,0%,12
deck repair and replacement near me,0,1,0%,13
patio deck repair near me,0,1,0%,13
how to repair paint,0,1,0%,14
wall repair plymouth,0,1,0%,16
drywall contractors near me,0,1,0%,17
drywall patches reading pa,0,1,0%,26
honey fix it,0,1,0%,28
crawl space repair plymouth meeting pa,0,1,0%,31
deck contractors conshohocken,0,1,0%,31
drywall repair company near me plymouth,0,1,0%,32
drywall patching upper roxborough,0,1,0%,35
attic remodel contractor plymouth meeting,0,1,0%,36
drywall patching hunting park industrial area,0,1,0%,41
basement finishing new plymouth,0,1,0%,42
drywall patching burholme,0,1,0%,45
deck companies conshohocken,0,1,0%,46
drywall patching bustleton,0,1,0%,47
drywall patching byberry,0,1,0%,48
basement remodeling new plymouth,0,1,0%,49
drywall patching sharswood,0,1,0%,49
basement remodel plymouth,0,1,0%,53
professional deck maintenance services near me,0,1,0%,53
driveway repair conshohocken pa,0,1,0%,57
drywall patching holmesburg,0,1,0%,57
drywall patching pennypack woods,0,1,0%,57
deck repair near willow grove,0,1,0%,59
drywall repair crestmont farms,0,1,0%,66
foundation repair contractors plymouth meeting pa,0,1,0%,73
patio repairs near me,0,1,0%,89
basement remodeling conshohocken,0,1,0%,92